index,naive,balanced,county_FE,FE_se,FE_t,FE_34yr,year_per_decade,R2
wmean_temp,-0.03520539626179212,0.08346903401579676,0.12242082819640775,0.0033583852986798215,36.452288022023936,0.4162308158677863,0.16047075390532708,0.8289433730469908
GDD_above_29,-0.44179698495323616,-0.11388467722822446,0.27559480370236616,0.02494007579383864,11.050279316731304,0.9370223325880449,0.5298459674470046,0.7103034412278226
GDD_10_30,1.0228705102617444,16.112884018389458,20.524602582550795,0.3868525591316654,53.055362044445566,69.7836487806727,25.437445064670705,0.8253877257554356
