index,naive,balanced,county_FE,FE_se,FE_t,FE_34yr,year_per_decade,R2
wmean_temp,-0.03520539626179364,0.08346903401579593,0.12242082819640775,0.0033583852986798215,36.452288022023936,0.4162308158677863,0.16047075390534787,0.8289433730469908
GDD_above_29,-0.44179698495324127,-0.11388467722823145,0.27559480370236616,0.02494007579383864,11.050279316731304,0.9370223325880449,0.5298459674470759,0.7103034412278225
GDD_10_30,1.0228705102615092,16.112884018389085,20.524602582550795,0.3868525591316653,53.05536204444559,69.7836487806727,25.437445064673977,0.8253877257554356
