문제,무릎λ,회복률_pct,전환_카운티,전환면적_pct,온난화손실
2작물 (옥수수·대두),42.29485053762257,15.988729042649059,233,11.306650048637099,85091390569.29547
3작물 (+ 밀),42.29485053762257,19.11696090669715,333,13.086940253558343,80158443629.04425
