작물,평균수확량,b_below,b_above,대체효과_bu,SE,t값,대체효과_pct,within_R2
옥수수,108.90615658715234,0.1368786751023964,-1.5356156973972397,-1.6724943724996362,0.0275481537846914,-60.71166821455183,-1.5357206836706423,0.1531581895303297
대두,33.70284761235955,0.1069257197503662,-0.2876183102235642,-0.3945440299739304,0.0076305707111719,-51.705703925432246,-1.1706548791124782,0.1619540195566904
밀,42.31370888319874,0.23770155161270537,0.06871119969372345,-0.16899035191898193,0.008084854589038076,-20.902089216064446,-0.39937494580174215,0.029792596633085866
