T,b_below,se_below,b_above,se_above,subst,subst_se,subst_t,within_R2
28,0.1820376052141607,0.03222015295515493,-1.289021487489604,0.044492592125885466,-1.4710590927037648,0.025613894094182067,-57.432075235990794,0.13401106244083894
29,0.13687867509774002,0.03205836098146995,-1.5356156973959825,0.045536464717388606,-1.6724943724937225,0.027548153784675383,-60.71166821437252,0.15315818953032978
30,0.09455234050255404,0.032349888748677155,-1.719262661879212,0.047317706796832754,-1.813815002381766,0.030043639570447166,-60.37267882037667,0.16115897396923728
31,0.06650162384633586,0.03287544494451101,-1.8344858706914384,0.04968117055435337,-1.9009874945377743,0.03323490401867005,-57.198525185144966,0.1578759882859484
