T,b_below,se_below,b_above,se_above,subst,subst_se,subst_t,within_R2,y_mean,subst_pct
28,0.12365097079472455,0.010564409970794861,-0.2030986014211067,0.01337218356479381,-0.32674957221583123,0.006858162005491904,-47.6438981689519,0.14249242439434395,33.70284761235955,-0.9695013785600871
29,0.10692571975036622,0.01044661544302294,-0.28761831022356427,0.013876159546953355,-0.39454402997393045,0.007630570711171924,-51.705703925432246,0.16195401955669042,33.70284761235955,-1.1706548791124785
30,0.09090355313707565,0.010351329629053432,-0.3584066904919851,0.014545252177506643,-0.44931024362906075,0.008647371744587537,-51.959168276799,0.17523195225162935,33.70284761235955,-1.3331521680212242
31,0.078045898903436,0.010284674333274976,-0.4180415536951774,0.015337356591679235,-0.4960874525986134,0.009841210470530774,-50.40919042267547,0.18163977350996363,33.70284761235955,-1.471945214554178
