lambda,정확해 F,GA F,갭(%),유전자 일치(%),GA 초,평가 횟수
0.0,318862728169.75134,318862522474.4704,6.450903877210737e-05,99.81325863678805,25.441814200021327,160200
10.0,314497914368.1991,314497892804.7409,6.856470967140501e-06,99.90662931839402,17.132868900022004,160200
25.0,309542418518.0581,309542418518.0581,0.0,100.0,30.39289459999418,160200
50.0,304434140158.0426,304434140158.0426,0.0,100.0,30.01176280004438,160200
100.0,300568150008.24915,300568150008.24915,0.0,100.0,26.49654379999265,160200
