D_corn(면적%),제약 비구속,GA F,LP 상한,갭(%),실현가능,옥수수면적(%),전환면적(%),회복률(%),GA 초
20.0,True,293661412158.637,293661412158.6371,2.078419353817878e-14,True,34.43259115424729,16.124085756839058,19.631474373609304,3.8791248750058003
30.0,True,293661412158.637,293661412158.6371,2.078419353817878e-14,True,34.43259115424729,16.124085756839058,19.631474373609304,3.856441290990915
40.0,False,292991095495.87256,292991821891.9739,0.0002479236780834728,True,40.00294229276998,13.069166744194927,16.873385440763506,5.837742250005249
50.0,False,288444453558.6095,288446411833.171,0.0006789041156996768,True,50.000121203549696,13.321517083345297,12.427038214461374,5.904520915995818
60.0,False,280439534892.2231,280440021062.4638,0.00017335979325660124,True,60.000075255495645,18.28287904376051,7.670182924690434,5.933229249989381
