ρ / μ*,ρ ($/bu),GA 갭(%),SA 갭(%),TS 갭(%)
0.8,0.13817827177699657,0.009426404244808458,0.014024989535719614,0.014024989535719614
1.0,0.1727228397212457,0.011160868902942062,0.014024989535719614,0.014024989535719614
1.2,0.2072674076654948,0.02350535310300695,0.012394918079422059,0.03283033798914827
1.5,0.25908425958186854,0.06083855103301234,0.037696840181072895,0.09391357431176102
2.0,0.3454456794424914,0.09033144648165846,0.051612439290981756,0.2311259373577924
3.0,0.5181685191637371,0.10673222121986668,0.14756660615618644,0.3568392491765287
