delta_t,n_counties,above29_base,above29_warm,above29_delta,yhat_base,yhat_warm,delta_bu,pct_unweighted,yhat_base_Ac,yhat_warm_Ac,pct_Ac_weighted,worse_off_pct,better_off_pct
2.0,2644,26.48737359303093,41.1996316801906,14.71225808715967,130.47976676127274,118.76492151654769,-11.714845244725078,-8.978284936819891,135.89826686205225,124.10523887431152,-8.677835457395206,79.16036308623298,20.83963691376702
