가격셋,온난화손실_pct,무릎λ,x̄_옥수수_pct,x̄_대두_pct,x̄_밀_pct,무제약_옥수수_pct,무제약_대두_pct,무제약_밀_pct,무제약_회복률_pct,무제약_전환카운티,무제약_밀카운티,제약_옥수수_pct,제약_대두_pct,제약_밀_pct,제약_회복률_pct,제약_전환카운티,μ*_usd_per_bu,TS갭_pct,실현가능
하드코딩 (06/10/11),21.389574830553883,42.29485053762257,46.44184854999834,46.539151250378396,7.019000199623261,38.52821117768279,53.83126757013456,7.640521252182648,19.11696090669715,333,213,45.326438074314154,47.53452752838738,7.139034397298465,17.35478987649801,330,0.1727228397212457,0.014024989535719614,True
USDA ERS 2025,25.502095082421246,42.29485053762257,17.480673125415468,70.16118195087641,12.358144923708117,12.268789838602135,73.53695199754121,14.19425816385665,16.651612781428536,222,419,16.59033491698032,69.63455992309679,13.775105159922886,13.988231161011788,212,0.2770701772242319,0.0017642044969298427,True
